[
  {
    "first_name": "Liam",
    "last_name": "Smith",
    "email": "liam.smith@example.com",
    "password": "password123",
    "confirm_password": "password123"
  },
  {
    "first_name": "Emma",
    "last_name": "Johnson",
    "email": "emma.johnson@example.com",
    "password": "mypassword",
    "confirm_password": "mypassword"
  },
  {
    "first_name": "Noah",
    "last_name": "Williams",
    "email": "noah.williams@example.com",
    "password": "securepass",
    "confirm_password": "securepass"
  },
  {
    "first_name": "Olivia",
    "last_name": "Brown",
    "email": "olivia.brown@example.com",
    "password": "oliviapassword",
    "confirm_password": "oliviapassword"
  },
  {
    "first_name": "Ava",
    "last_name": "Jones",
    "email": "ava.jones@example.com",
    "password": "avasecure",
    "confirm_password": "avasecure"
  },
  {
    "first_name": "Isabella",
    "last_name": "Garcia",
    "email": "isabella.garcia@example.com",
    "password": "isabellapass",
    "confirm_password": "isabellapass"
  },
  {
    "first_name": "Sophia",
    "last_name": "Martinez",
    "email": "sophia.martinez@example.com",
    "password": "sophiapassword",
    "confirm_password": "sophiapassword"
  },
  {
    "first_name": "Mason",
    "last_name": "Hernandez",
    "email": "mason.hernandez@example.com",
    "password": "masonpass",
    "confirm_password": "masonpass"
  },
  {
    "first_name": "Ethan",
    "last_name": "Lopez",
    "email": "ethan.lopez@example.com",
    "password": "ethanpassword",
    "confirm_password": "ethanpassword"
  },
  {
    "first_name": "James",
    "last_name": "Wilson",
    "email": "james.wilson@example.com",
    "password": "jamespass",
    "confirm_password": "jamespass"
  },
  {
    "first_name": "Aiden",
    "last_name": "Anderson",
    "email": "aiden.anderson@example.com",
    "password": "aidenpass",
    "confirm_password": "aidenpass"
  },
  {
    "first_name": "Charlotte",
    "last_name": "Thomas",
    "email": "charlotte.thomas@example.com",
    "password": "charlottepass",
    "confirm_password": "charlottepass"
  },
  {
    "first_name": "Amelia",
    "last_name": "Taylor",
    "email": "amelia.taylor@example.com",
    "password": "ameliapass",
    "confirm_password": "ameliapass"
  },
  {
    "first_name": "Harper",
    "last_name": "Moore",
    "email": "harper.moore@example.com",
    "password": "harperpass",
    "confirm_password": "harperpass"
  },
  {
    "first_name": "Lucas",
    "last_name": "Jackson",
    "email": "lucas.jackson@example.com",
    "password": "lucaspassword",
    "confirm_password": "lucaspassword"
  },
  {
    "id": 16,
    "first_name": "Mia",
    "last_name": "Martin",
    "email": "mia.martin@example.com",
    "password": "miapassword",
    "confirm_password": "miapassword"
  }
]